{
  "Component-dbg.js": 1606811410096,
  "controller/ListSelector.js": 1606811410100,
  "model/models.js": 1606811410100,
  "model/formatter.js": 1606811410100,
  "controller/NotFound.controller.js": 1606811410100,
  "controller/Master.controller.js": 1606811410100,
  "manifest.json": 1606813565081,
  "controller/ErrorHandler.js": 1606811410100,
  "controller/DetailObjectNotFound.js": 1606811410096,
  "controller/DetailObjectNotFound.controller.js": 1606811410096,
  "controller/Detail.controller.js": 1606811410096,
  "controller/BaseController.js": 1606811410096,
  "controller/App.controller.js": 1606811410096,
  "Component.js": 1606811410096,
  "manifest-bundle.zip": 1606813564720,
  "Component-preload.js": 1606813565015,
  "controller/ListSelector-dbg.js": 1606811410100,
  "model/formatter-dbg.js": 1606811410100,
  "controller/NotFound-dbg.controller.js": 1606811410100,
  "controller/Master-dbg.controller.js": 1606811410100,
  "model/models-dbg.js": 1606811410100,
  "controller/ErrorHandler-dbg.js": 1606811410100,
  "controller/DetailObjectNotFound-dbg.js": 1606811410096,
  "controller/DetailObjectNotFound-dbg.controller.js": 1606811410096,
  "controller/Detail-dbg.controller.js": 1606811410096,
  "controller/BaseController-dbg.js": 1606811410096,
  "controller/App-dbg.controller.js": 1606811410096,
  "i18n/i18n.properties": 1606811410100,
  "resources.json": 1606813565084,
  "view/ViewSettingsDialog.fragment.xml": 1606811410108,
  "view/NotFound.view.xml": 1606811410108,
  "view/Master.view.xml": 1606811410108,
  "view/DetailObjectNotFound.view.xml": 1606811410108,
  "view/Detail.view.xml": 1606811410108,
  "view/App.view.xml": 1606811410108,
  "test.html": 1606811410100,
  "index.html": 1606811410100
}